{
  "records": [],
  "training_feature_stats": {
    "price_yes": {
      "mean": 0.4098150684931507,
      "std": 0.27521103866003954,
      "min": 0.05,
      "max": 0.949,
      "median": 0.375,
      "q25": 0.17,
      "q75": 0.625
    },
    "price_bucket": {
      "mean": 7.734246575342466,
      "std": 5.4730277407966215,
      "min": 1.0,
      "max": 18.0,
      "median": 7.0,
      "q25": 3.0,
      "q75": 12.0
    },
    "price_distance_from_50": {
      "mean": 0.2544123287671233,
      "std": 0.13837920596145234,
      "min": 0.0,
      "max": 0.45,
      "median": 0.27,
      "q25": 0.125,
      "q75": 0.375
    },
    "calibration_bias": {
      "mean": 0.007846027397260279,
      "std": 0.032254358386167886,
      "min": -0.06000000000000005,
      "max": 0.06,
      "median": 0.020000000000000018,
      "q25": -0.025000000000000022,
      "q75": 0.03
    },
    "time_to_resolution_hrs": {
      "mean": 43.66027397260274,
      "std": 24.8739217552557,
      "min": 24.0,
      "max": 120.0,
      "median": 48.0,
      "q25": 24.0,
      "q75": 48.0
    },
    "category_encoded": {
      "mean": 1.6575342465753424,
      "std": 1.4201985012926,
      "min": 0.0,
      "max": 8.0,
      "median": 1.0,
      "q25": 1.0,
      "q75": 2.0
    },
    "is_weekend": {
      "mean": 0.2684931506849315,
      "std": 0.4431755619618597,
      "min": 0.0,
      "max": 1.0,
      "median": 0.0,
      "q25": 0.0,
      "q75": 1.0
    },
    "return_1h": {
      "mean": 0.004558188761702813,
      "std": 0.17490561988055006,
      "min": -0.42307692307692313,
      "max": 1.4999999999999996,
      "median": 0.0,
      "q25": -0.03181818181818185,
      "q75": 0.020997375328084007
    },
    "volatility_20": {
      "mean": 0.1180707406931424,
      "std": 0.1804501745612151,
      "min": 0.0,
      "max": 1.7391119725302038,
      "median": 0.06214320800428647,
      "q25": 0.01652439822521796,
      "q75": 0.15758436942642506
    },
    "zscore_24h": {
      "mean": -0.09221980203815382,
      "std": 1.521917007978514,
      "min": -4.75338875796181,
      "max": 4.896425891238322,
      "median": -0.253163043733589,
      "q25": -1.051164832057708,
      "q75": 0.9760100814431012
    },
    "oflow_buy_sell_ratio_1h": {
      "mean": 0.41200656699188754,
      "std": 0.509397957648654,
      "min": -1.0,
      "max": 1.0,
      "median": 0.4074030178001319,
      "q25": 0.0,
      "q75": 0.9825252353124
    },
    "oflow_buy_sell_ratio_24h": {
      "mean": 0.5487807903404309,
      "std": 0.3845520499957576,
      "min": -0.27620108127200893,
      "max": 1.0,
      "median": 0.6329480419723792,
      "q25": 0.10133877058908239,
      "q75": 0.9071319128420428
    },
    "oflow_trade_intensity_1h": {
      "mean": 17.84931506849315,
      "std": 41.64424386966432,
      "min": 0.0,
      "max": 361.0,
      "median": 3.0,
      "q25": 0.0,
      "q75": 17.0
    },
    "oflow_trade_intensity_24h": {
      "mean": 6.2663242009132425,
      "std": 9.25985811420446,
      "min": 0.0,
      "max": 53.25,
      "median": 2.875,
      "q25": 0.4583333333333333,
      "q75": 7.791666666666667
    },
    "oflow_avg_trade_size_24h": {
      "mean": 113.94287271972364,
      "std": 282.5739143641246,
      "min": 0.0,
      "max": 4343.66666625,
      "median": 63.59763046242774,
      "q25": 19.08983696969697,
      "q75": 116.22755243827159
    },
    "oflow_large_trade_count_24h": {
      "mean": 27.01095890410959,
      "std": 62.39208669889273,
      "min": 0.0,
      "max": 751.0,
      "median": 11.0,
      "q25": 1.0,
      "q75": 30.0
    },
    "oflow_large_trade_count_7d": {
      "mean": 57.23835616438356,
      "std": 108.95081538309051,
      "min": 0.0,
      "max": 788.0,
      "median": 23.0,
      "q25": 6.0,
      "q75": 61.0
    },
    "oflow_vwap_deviation_24h": {
      "mean": 0.07547989290217588,
      "std": 0.7258199817512372,
      "min": -0.985227921313666,
      "max": 4.062933339134567,
      "median": 0.0,
      "q25": -0.337377161776566,
      "q75": 0.27752898870171
    },
    "oflow_volume_acceleration_6h": {
      "mean": 5.411839597345183,
      "std": 22.85534103687442,
      "min": -1.0,
      "max": 332.1733837940511,
      "median": 0.0,
      "q25": -0.0928391781437261,
      "q75": 2.8603895776463437
    },
    "oflow_total_volume_24h": {
      "mean": 15385.766038465756,
      "std": 29178.579845298787,
      "min": 0.0,
      "max": 260701.796765,
      "median": 5603.276806,
      "q25": 720.465214,
      "q75": 16531.760235
    }
  },
  "model_trained_at": "2026-03-01T02:29:06.820892",
  "last_retrain_signal": "",
  "alerts_history": []
}